Headliner,Tour Name,Support,Date,Venue,City,State,Country,Source URL
Avenged Sevenfold,,,2/3/2026,Movistar Arena,Buenos Aires,,Argentina,https://www.avengedsevenfold.com/tour
My Chemical Romance,The Black Parade 2026 Stadium Tour,,2/1/2026,Estadio Tomás Adolfo Ducó,Buenos Aires,,Argentina,https://www.mychemicalromance.com
Anberlin,An Emo Extravaganza 2026,Cartel; Hot Chelle Rae; Broadside; This Wild Life,3/1/2026,Fortitude Music Hall,Brisbane,,Australia,https://www.destroyalllines.com/tours/an-emo-extravaganza
Anberlin,An Emo Extravaganza 2026,Cartel; Hot Chelle Rae; Broadside; This Wild Life,2/22/2026,PICA,Melbourne,,Australia,https://www.destroyalllines.com/tours/an-emo-extravaganza
Anberlin,An Emo Extravaganza 2026,Cartel; Hot Chelle Rae; Broadside; This Wild Life,2/28/2026,Roundhouse,Sydney,,Australia,https://www.destroyalllines.com/tours/an-emo-extravaganza
Hot Mulligan,The Sound a Body Makes When It’s Still Tour 2026,saturdays at your place; Forests,4/25/2026,The Fortitude Music Hall,Fortitude Valley,,Australia,https://hotmulligan.band
Hot Mulligan,The Sound a Body Makes When It’s Still Tour 2026,saturdays at your place; Forests,4/27/2026,The Gov,Hindmarsh,,Australia,https://hotmulligan.band
Hot Mulligan,The Sound a Body Makes When It’s Still Tour 2026,saturdays at your place; Forests,4/26/2026,The Roundhouse UNSW,Kensington,,Australia,https://hotmulligan.band
Hot Mulligan,The Sound a Body Makes When It’s Still Tour 2026,saturdays at your place; Forests,4/22/2026,Forum Melbourne,Melbourne,,Australia,https://hotmulligan.band
Hot Mulligan,The Sound a Body Makes When It’s Still Tour 2026,saturdays at your place; Forests,4/29/2026,Astor Theatre,Mount Lawley,,Australia,https://hotmulligan.band
Pierce the Veil,I Can’t Hear You World Tour 2026,Movements; Jack Kays,4/14/2026,The Drive,Adelaide,,Australia,https://piercetheveil.net
Pierce the Veil,I Can’t Hear You World Tour 2026,Movements; Jack Kays,4/8/2026,Riverstage,Brisbane,,Australia,https://piercetheveil.net
Pierce the Veil,I Can’t Hear You World Tour 2026,Movements; Jack Kays,4/12/2026,Rod Laver Arena,Melbourne,,Australia,https://piercetheveil.net
Pierce the Veil,I Can’t Hear You World Tour 2026,Movements; Jack Kays,4/16/2026,Red Hill Auditorium,Perth,,Australia,https://piercetheveil.net
Pierce the Veil,I Can’t Hear You World Tour 2026,Movements; Jack Kays,4/10/2026,Hordern Pavilion,Sydney,,Australia,https://piercetheveil.net
Pierce the Veil,I Can’t Hear You World Tour 2026,,4/11/2026,Hordern Pavilion,Sydney,,Australia,https://piercetheveil.net
Bad Omens,Do You Feel Love Tour,,11/14/2026,Nova Rock 2026,Nickelsdorf,,Austria,https://www.badomensofficial.com
Simple Plan,Bigger than you think! Europe/UK Tour,Neck Deep,10/20/2026,TBA,Vienna,,Austria,https://www.officialsimpleplan.com
All Time Low,Everyone’s Talking! Tour,Mayday Parade; Four Year Strong; Taylor Acorn,1/27/2026,Ancienne Belgique,Brussels,,Belgium,https://www.alltimelow.com
Bad Omens,Graspop Metal Meeting 2026,Festival (various artists),18–21-Jun-26,Graspop Metal Meeting 2026,Dessel,,Belgium,https://www.badomensofficial.com
Evanescence,2026 World Tour,Spiritbox; Nova Twins,9/16/2026,Forest National,Brussels,,Belgium,https://www.evanescence.com
Hot Mulligan,The Sound a Body Makes When It’s Still Tour 2026,Delta Sleep,2/20/2026,L’Orangerie du Botanique,Saint-Josse-ten-Noode,,Belgium,https://hotmulligan.band
Simple Plan,Bigger than you think! Europe/UK Tour,None (without Neck Deep),10/5/2026,TBA,Brussels,,Belgium,https://www.officialsimpleplan.com
Avenged Sevenfold,,,1/28/2026,Pedreira Paulo Leminski,Curitiba,,Brazil,https://www.avengedsevenfold.com/tour
Avenged Sevenfold,,,1/31/2026,Allianz Parque,São Paulo,,Brazil,https://www.avengedsevenfold.com/tour
My Chemical Romance,The Black Parade 2026 Stadium Tour,,2/5/2026,Allianz Parque,São Paulo,,Brazil,https://www.mychemicalromance.com
My Chemical Romance,The Black Parade 2026 Stadium Tour,,2/6/2026,Allianz Parque,São Paulo,,Brazil,https://www.mychemicalromance.com
Avenged Sevenfold,Co‑Headlining Summer 2026 Tour,Good Charlotte,8/6/2026,RBC Amphitheatre,Toronto,ON,Canada,https://www.avengedsevenfold.com/tour
Bad Omens,Do You Feel Love North America Tour,Beartooth; President,3/6/2026,Scotiabank Arena,Toronto,ON,Canada,https://www.badomensofficial.com
Bring Me The Horizon,North American Ascension Program 2 Tour,Motionless In White; The Plot In You; Amira Elfeky,4/28/2026,Scotiabank Arena,Toronto,ON,Canada,https://www.bmthofficial.com
Evanescence,2026 World Tour,Spiritbox; Nova Twins,6/29/2026,Budweiser Stage,Toronto,ON,Canada,https://www.evanescence.com
Hayley Williams,Good Dye Young Presents: Hayley Williams At A Bachelorette Party 2026,Water From Your Eyes,3/31/2026,Massey Hall,Toronto,ON,Canada,https://www.ticketmaster.com/hayley-williams-tickets/artist/2733627
The Maine,I Love You But I Chose The Maine 2026 Tour,,4/15/2026,HISTORY,Toronto,ON,Canada,https://www.themaineband.com/
The Wonder Years,No Closer to Heaven Tour,Knuckle Puck; Weakened Friends,4/5/2026,The Danforth Music Hall,Toronto,ON,Canada,https://thewonderyearsband.com
Avenged Sevenfold,Co‑Headlining Summer 2026 Tour,Good Charlotte,8/8/2026,Centre Bell,Montreal,QC,Canada,https://www.avengedsevenfold.com/tour
Bad Omens,Do You Feel Love North America Tour,Beartooth; President,3/8/2026,Place Bell,Laval,QC,Canada,https://www.badomensofficial.com
Evanescence,2026 World Tour,Spiritbox; Nova Twins,6/30/2026,Bell Centre,Montreal,QC,Canada,https://www.evanescence.com
Hayley Williams,Good Dye Young Presents: Hayley Williams At A Bachelorette Party 2026,Water From Your Eyes,4/1/2026,Massey Hall,Toronto,QC,Canada,https://www.ticketmaster.com/hayley-williams-tickets/artist/2733627
Bring Me The Horizon,North American Ascension Program 2 Tour,Motionless In White; The Plot In You; Amira Elfeky,4/29/2026,Bell Centre,Montreal,QC,Canada,https://www.bmthofficial.com
My Chemical Romance,The Black Parade 2026 Stadium Tour,,1/28/2026,Estadio Bicentenario Municipal de La Florida,Santiago,,Chile,https://www.mychemicalromance.com
My Chemical Romance,The Black Parade 2026 Stadium Tour,,1/29/2026,Estadio Bicentenario Municipal de La Florida,Santiago,,Chile,https://www.mychemicalromance.com
My Chemical Romance,The Black Parade 2026 Stadium Tour,,1/22/2026,Vive Claro Distrito Cultural,Bogotá,,Colombia,https://www.mychemicalromance.com
All Time Low,Everyone’s Talking! Tour,Mayday Parade; Four Year Strong; Taylor Acorn,2/9/2026,SaSaZu,Prague,,Czechia,https://www.alltimelow.com
Hot Mulligan,The Sound a Body Makes When It’s Still Tour 2026,Delta Sleep,2/27/2026,Futurum Music Bar,Prague,,Czechia,https://hotmulligan.band
Simple Plan,Bigger than you think! Europe/UK Tour,Neck Deep,10/18/2026,TBA,Prague,,Czechia,https://www.officialsimpleplan.com
Hayley Williams,Good Dye Young Presents: Hayley Williams At A Bachelorette Party 2026,Tiberius B; Water From Your Eyes,6/15/2026,Tempodrom,Berlin,,DE,https://www.ticketmaster.com/hayley-williams-tickets/artist/2733627
Hayley Williams,Good Dye Young Presents: Hayley Williams At A Bachelorette Party 2026,Water From Your Eyes,6/10/2026,Live Music Hall,Cologne,,DE,https://www.ticketmaster.com/hayley-williams-tickets/artist/2733627
All Time Low,Everyone’s Talking! Tour,Mayday Parade; Four Year Strong; Taylor Acorn,2/4/2026,Vega,Copenhagen,,Denmark,https://www.alltimelow.com
Hot Mulligan,The Sound a Body Makes When It’s Still Tour 2026,Delta Sleep,3/1/2026,Pumpehuset,Copenhagen,,Denmark,https://hotmulligan.band
Simple Plan,Bigger than you think! Europe/UK Tour,Neck Deep,10/12/2026,TBA,Copenhagen,,Denmark,https://www.officialsimpleplan.com
Hayley Williams,Good Dye Young Presents: Hayley Williams At A Bachelorette Party 2026,Water From Your Eyes,6/16/2026,Poolen,Copenhagen,,DK,https://www.ticketmaster.com/hayley-williams-tickets/artist/2733627
The Wonder Years,,,1/14/2026,The Prospect Building,Bristol,,England,https://thewonderyearsband.com
The Wonder Years,,,1/17/2026,O2 Forum Kentish Town,London,,England,https://thewonderyearsband.com
Bad Omens,Tuska Festival 2026,Festival (various artists),26–28-Jun-26,Tuska Festival 2026,Helsinki,,Finland,https://www.badomensofficial.com
Bad Omens,Provinssi 2026,Festival (various artists),25–27-Jun-26,Provinssi 2026,Seinäjoki,,Finland,https://www.badomensofficial.com
All Time Low,Everyone’s Talking! Tour,Mayday Parade; Four Year Strong; Taylor Acorn,1/26/2026,Salle Pleyel,Paris,,France,https://www.alltimelow.com
Bad Omens,Hellfest 2026,Festival (various artists),18–21-Jun-26,Hellfest 2026,Clisson,,France,https://www.badomensofficial.com
Evanescence,2026 World Tour,Spiritbox; Nova Twins,9/17/2026,Accor Arena,Paris,,France,https://www.evanescence.com
Hot Mulligan,The Sound a Body Makes When It’s Still Tour 2026,Delta Sleep,2/22/2026,La Maroquinerie,Paris,,France,https://hotmulligan.band
Simple Plan,Bigger than you think! Europe/UK Tour,Neck Deep,10/31/2026,TBA,Paris,,France,https://www.officialsimpleplan.com
All Time Low,Everyone’s Talking! Tour,Mayday Parade; Four Year Strong; Taylor Acorn,2/6/2026,Palladium,Cologne,,Germany,https://www.alltimelow.com
All Time Low,Everyone’s Talking! Tour,Mayday Parade; Four Year Strong; Taylor Acorn,1/31/2026,Sporthalle,Hamburg,,Germany,https://www.alltimelow.com
All Time Low,Everyone’s Talking! Tour,Mayday Parade; Four Year Strong; Taylor Acorn,1/30/2026,Haus Auensee,Leipzig,,Germany,https://www.alltimelow.com
All Time Low,Everyone’s Talking! Tour,Mayday Parade; Four Year Strong; Taylor Acorn,2/12/2026,TonHalle München,Munich,,Germany,https://www.alltimelow.com
Bad Omens,Do You Feel Love Tour,,6/3/2026,PSD Bank Dome,Düsseldorf,,Germany,https://www.badomensofficial.com
Bad Omens,Do You Feel Love Tour,,6/8/2026,QUARTERBACK Immobilien AG,Leipzig,,Germany,https://www.badomensofficial.com
Bad Omens,Do You Feel Love Tour,,6/7/2026,Rock am Ring 2026,Nürburg,,Germany,https://www.badomensofficial.com
Bad Omens,Do You Feel Love Tour,,6/7/2026,Rock im Park 2026,Nürnberg,,Germany,https://www.badomensofficial.com
Evanescence,2026 World Tour,Spiritbox; Nova Twins,9/25/2026,Uber Arena,Berlin,,Germany,https://www.evanescence.com
Evanescence,2026 World Tour,Spiritbox; Nova Twins,9/20/2026,Westfalenhalle,Dortmund,,Germany,https://www.evanescence.com
Evanescence,2026 World Tour,Spiritbox; Nova Twins,9/19/2026,Festhalle,Frankfurt,,Germany,https://www.evanescence.com
Evanescence,2026 World Tour,Spiritbox; Nova Twins,9/23/2026,Barclays Arena,Hamburg,,Germany,https://www.evanescence.com
Evanescence,2026 World Tour,Spiritbox; Nova Twins,9/26/2026,Olympiahalle,Munich,,Germany,https://www.evanescence.com
Hot Mulligan,The Sound a Body Makes When It’s Still Tour 2026,Delta Sleep,2/28/2026,Columbia Theater,Berlin,,Germany,https://hotmulligan.band
Hot Mulligan,The Sound a Body Makes When It’s Still Tour 2026,Delta Sleep,3/4/2026,Die Kantine,Cologne,,Germany,https://hotmulligan.band
Hot Mulligan,The Sound a Body Makes When It’s Still Tour 2026,Delta Sleep,3/3/2026,Fabrik,Hamburg,,Germany,https://hotmulligan.band
Hot Mulligan,The Sound a Body Makes When It’s Still Tour 2026,Delta Sleep,2/24/2026,Backstage Werk,Munich,,Germany,https://hotmulligan.band
Simple Plan,Bigger than you think! Europe/UK Tour,Neck Deep,10/16/2026,TBA,Berlin,,Germany,https://www.officialsimpleplan.com
Simple Plan,Bigger than you think! Europe/UK Tour,None (without Neck Deep),10/8/2026,TBA,Düsseldorf,,Germany,https://www.officialsimpleplan.com
Simple Plan,Bigger than you think! Europe/UK Tour,Neck Deep,10/10/2026,TBA,Hamburg,,Germany,https://www.officialsimpleplan.com
Simple Plan,Bigger than you think! Europe/UK Tour,Neck Deep,10/23/2026,TBA,Munich,,Germany,https://www.officialsimpleplan.com
My Chemical Romance,The Black Parade 2026 Stadium Tour,,5/3/2026,NICE PIK2,Jakarta,,Indonesia,https://www.mychemicalromance.com
Hayley Williams,Good Dye Young Presents: Hayley Williams At A Bachelorette Party 2026,Water From Your Eyes,6/5/2026,Alcatraz,Milan,,Italy,https://www.ticketmaster.com/hayley-williams-tickets/artist/2733627
All Time Low,Everyone’s Talking! Tour,Mayday Parade; Four Year Strong; Taylor Acorn,2/13/2026,ChorusLife Arena,Bergamo,,Italy,https://www.alltimelow.com
Bad Omens,Do You Feel Love Tour,,6/16/2026,Parco della Musica di Milano,Novegro-Tregarezzo,,Italy,https://www.badomensofficial.com
Evanescence,2026 World Tour,Spiritbox; Nova Twins,9/28/2026,Unipol Arena,Bologna,,Italy,https://www.evanescence.com
My Chemical Romance,The Black Parade 2026 Stadium Tour,,7/15/2026,Visarno Arena,Florence,,Italy,https://www.mychemicalromance.com
Simple Plan,Bigger than you think! Europe/UK Tour,Neck Deep,10/24/2026,TBA,Milan,,Italy,https://www.officialsimpleplan.com
Hot Mulligan,Hot Mulligan Japan Tour 2026,,5/8/2026,F/A/D/,Kanagawa Yokohama,,Japan,https://hotmulligan.band
Hot Mulligan,Hot Mulligan Japan Tour 2026,,5/9/2026,WWW X,Tokyo Shibuya,,Japan,https://hotmulligan.band
Hot Mulligan,Hot Mulligan Japan Tour 2026,,5/10/2026,Fever,Tokyo Shindaita,,Japan,https://hotmulligan.band
Hot Mulligan,Hot Mulligan Japan Tour 2026,,5/7/2026,Mime Spices,Tokyo Shinjuku,,Japan,https://nothingfeelsreal.square.site/product/-will-call-hot-mulligan-japan-tour-2026/EY7ATUUWAK4RFPRHDPPW7JSG?cp=true&sa=true&sbp=false&q=false
My Chemical Romance,The Black Parade 2026 Stadium Tour,,4/30/2026,Bukit Jalil National Stadium,Kuala Lumpur,,Malaysia,https://www.mychemicalromance.com
My Chemical Romance,The Black Parade 2026 Stadium Tour,,5/1/2026,Bukit Jalil National Stadium,Kuala Lumpur,,Malaysia,https://www.mychemicalromance.com
My Chemical Romance,The Black Parade 2026 Stadium Tour,,2/13/2026,Estadio GNP Seguros,Mexico City,,Mexico,https://www.mychemicalromance.com
My Chemical Romance,The Black Parade 2026 Stadium Tour,,2/14/2026,Estadio GNP Seguros,Mexico City,,Mexico,https://www.mychemicalromance.com
Avenged Sevenfold,,A Day to Remember; Scars on Broadway; Mr. Bindle,1/17/2026,Estadio GNP Seguros,Mexico City,,Mexico,https://www.avengedsevenfold.com/tour
All Time Low,Everyone’s Talking! Tour,Mayday Parade; Four Year Strong; Taylor Acorn,1/29/2026,13,Tilburg,,Netherlands,https://www.alltimelow.com
Evanescence,2026 World Tour,Spiritbox; Nova Twins,9/22/2026,Ziggo Dome,Amsterdam,,Netherlands,https://www.evanescence.com
Hot Mulligan,The Sound a Body Makes When It’s Still Tour 2026,Delta Sleep,2/21/2026,Melkweg,Amsterdam,,Netherlands,https://hotmulligan.band
Simple Plan,Bigger than you think! Europe/UK Tour,Neck Deep,10/9/2026,TBA,Amsterdam,,Netherlands,https://www.officialsimpleplan.com
Hayley Williams,Good Dye Young Presents: Hayley Williams At A Bachelorette Party 2026,Snuggle; Water From Your Eyes,6/8/2026,Paradiso,Amsterdam,,Netherlands,https://www.ticketmaster.com/hayley-williams-tickets/artist/2733627
All Time Low,Everyone’s Talking! Tour,Mayday Parade; Four Year Strong; Taylor Acorn,2/3/2026,Sentrum Scene,Oslo,,Norway,https://www.alltimelow.com
Simple Plan,Bigger than you think! Europe/UK Tour,Neck Deep,10/13/2026,TBA,Oslo,,Norway,https://www.officialsimpleplan.com
My Chemical Romance,The Black Parade 2026 Stadium Tour,,1/25/2026,Estadio Nacional,Lima,,Peru,https://www.mychemicalromance.com
My Chemical Romance,The Black Parade 2026 Stadium Tour,,4/25/2026,Philippine Arena,Manila,,Philippines,https://www.mychemicalromance.com
All Time Low,Everyone’s Talking! Tour,Mayday Parade; Four Year Strong; Taylor Acorn,2/8/2026,Klub Stodoła,Warsaw,,Poland,https://www.alltimelow.com
Bad Omens,Summer Punch Festival 2026,Festival (various artists),18–19-Jun-26,Summer Punch Festival 2026,Warsaw,,Poland,https://www.badomensofficial.com
Simple Plan,Bigger than you think! Europe/UK Tour,Neck Deep,10/17/2026,TBA,Warsaw,,Poland,https://www.officialsimpleplan.com
All Time Low,Everyone’s Talking! Tour,Mayday Parade; Four Year Strong; Taylor Acorn,2/17/2026,Lisboa Ao Vivo,Lisbon,,Portugal,https://www.alltimelow.com
Evanescence,2026 World Tour,Spiritbox; Nova Twins,10/4/2026,Altice Arena,Lisbon,,Portugal,https://www.evanescence.com
Avenged Sevenfold,,,1/14/2026,Coliseo de Puerto Rico José Miguel Agrelot,San Juan,,Puerto Rico,https://www.avengedsevenfold.com/tour
Boys Like Girls,,,7/15/2026,O2 Academy Glasgow,Glasgow,,Scotland,https://www.boyslikegirls.com
The Wonder Years,,,1/15/2026,SWG3 Galvanizers,Glasgow,,Scotland,https://thewonderyearsband.com
My Chemical Romance,The Black Parade 2026 Stadium Tour,,4/28/2026,Singapore Indoor Stadium,Singapore,,Singapore,https://www.mychemicalromance.com
My Chemical Romance,The Black Parade 2026 Stadium Tour,,4/18/2026,Paradise City Korea,Incheon,,South Korea,https://www.mychemicalromance.com
All Time Low,Everyone’s Talking! Tour,Mayday Parade; Four Year Strong; Taylor Acorn,2/15/2026,Razzmatazz,Barcelona,,Spain,https://www.alltimelow.com
All Time Low,Everyone’s Talking! Tour,Mayday Parade; Four Year Strong; Taylor Acorn,2/16/2026,Sala La Riviera,Madrid,,Spain,https://www.alltimelow.com
Evanescence,2026 World Tour,Spiritbox; Nova Twins,10/1/2026,Palau Sant Jordi,Barcelona,,Spain,https://www.evanescence.com
Evanescence,2026 World Tour,Spiritbox; Nova Twins,10/2/2026,Wizink Center,Madrid,,Spain,https://www.evanescence.com
My Chemical Romance,The Black Parade 2026 Stadium Tour,,7/18/2026,Iberdrola Music,Madrid,,Spain,https://www.mychemicalromance.com
Simple Plan,Bigger than you think! Europe/UK Tour,Neck Deep,10/26/2026,TBA,Barcelona,,Spain,https://www.officialsimpleplan.com
Simple Plan,Bigger than you think! Europe/UK Tour,Neck Deep,10/27/2026,TBA,Madrid,,Spain,https://www.officialsimpleplan.com
All Time Low,Everyone’s Talking! Tour,Mayday Parade; Four Year Strong; Taylor Acorn,2/2/2026,Fryshuset Arenan,Stockholm,,Sweden,https://www.alltimelow.com
Bad Omens,Broken Summer 2026,Festival (various artists),6/24/2026,Broken Summer 2026,Stockholm,,Sweden,https://www.badomensofficial.com
Simple Plan,Bigger than you think! Europe/UK Tour,Neck Deep,10/14/2026,TBA,Stockholm,,Sweden,https://www.officialsimpleplan.com
All Time Low,Everyone’s Talking! Tour,Mayday Parade; Four Year Strong; Taylor Acorn,2/10/2026,X-TRA,Zürich,,Switzerland,https://www.alltimelow.com
Bad Omens,Do You Feel Love Tour,,11/13/2026,Greenfield Festival 2026,Interlaken,,Switzerland,https://www.badomensofficial.com
Evanescence,2026 World Tour,Spiritbox; Nova Twins,9/29/2026,Hallenstadion,Zurich,,Switzerland,https://www.evanescence.com
Simple Plan,Bigger than you think! Europe/UK Tour,Neck Deep,10/29/2026,TBA,Zurich,,Switzerland,https://www.officialsimpleplan.com
My Chemical Romance,The Black Parade 2026 Stadium Tour,,4/22/2026,Impact Challenger Hall 1,Bangkok,,Thailand,https://www.mychemicalromance.com
All Time Low,Everyone’s Talking! Tour,Mayday Parade; Four Year Strong; Taylor Acorn,1/22/2026,Utilita Arena Cardiff,Cardiff,,United Kingdom,https://www.alltimelow.com
All Time Low,Everyone’s Talking! Tour,Mayday Parade; Four Year Strong; Taylor Acorn,1/20/2026,OVO Hydro,Glasgow,,United Kingdom,https://www.alltimelow.com
All Time Low,Everyone’s Talking! Tour,Mayday Parade; Four Year Strong; Taylor Acorn,1/24/2026,The O2,London,,United Kingdom,https://www.alltimelow.com
All Time Low,Everyone’s Talking! Tour,Mayday Parade; Four Year Strong; Taylor Acorn,1/23/2026,Co-op Live,Manchester,,United Kingdom,https://www.alltimelow.com
Evanescence,2026 World Tour,Spiritbox; Nova Twins,9/11/2026,Utilita Arena,Birmingham,,United Kingdom,https://www.evanescence.com
Evanescence,2026 World Tour,Spiritbox; Nova Twins,9/8/2026,First Direct Arena,Leeds,,United Kingdom,https://www.evanescence.com
Evanescence,2026 World Tour,Spiritbox; Nova Twins,9/13/2026,The O2,London,,United Kingdom,https://www.evanescence.com
Evanescence,2026 World Tour,Spiritbox; Nova Twins,9/10/2026,AO Arena,Manchester,,United Kingdom,https://www.evanescence.com
Hayley Williams,Good Dye Young Presents: Hayley Williams At A Bachelorette Party 2026,Water From Your Eyes,6/26/2026,O2 Academy,Glasgow,,United Kingdom,https://www.ticketmaster.com/hayley-williams-tickets/artist/2733627
Hayley Williams,Good Dye Young Presents: Hayley Williams At A Bachelorette Party 2026,Water From Your Eyes,6/27/2026,O2 Academy,Glasgow,,United Kingdom,https://www.ticketmaster.com/hayley-williams-tickets/artist/2733627
Hayley Williams,Good Dye Young Presents: Hayley Williams At A Bachelorette Party 2026,Water From Your Eyes,6/19/2026,Roundhouse,London,,United Kingdom,https://www.ticketmaster.com/hayley-williams-tickets/artist/2733627
Hayley Williams,Good Dye Young Presents: Hayley Williams At A Bachelorette Party 2026,Water From Your Eyes,6/20/2026,Roundhouse,London,,United Kingdom,https://www.ticketmaster.com/hayley-williams-tickets/artist/2733627
Hayley Williams,Good Dye Young Presents: Hayley Williams At A Bachelorette Party 2026,Water From Your Eyes,6/22/2026,Academy 1,Manchester,,United Kingdom,https://www.ticketmaster.com/hayley-williams-tickets/artist/2733627
Hayley Williams,Good Dye Young Presents: Hayley Williams At A Bachelorette Party 2026,Water From Your Eyes,6/23/2026,Academy 1,Manchester,,United Kingdom,https://www.ticketmaster.com/hayley-williams-tickets/artist/2733627
Hot Mulligan,The Sound a Body Makes When It’s Still Tour 2026,Delta Sleep,3/11/2026,O2 Institute,Birmingham,,United Kingdom,https://hotmulligan.band
Hot Mulligan,The Sound a Body Makes When It’s Still Tour 2026,Delta Sleep,3/10/2026,The Prospect Building,Bristol,,United Kingdom,https://hotmulligan.band
Hot Mulligan,The Sound a Body Makes When It’s Still Tour 2026,Delta Sleep,3/8/2026,Barrowland Ballroom,Glasgow,,United Kingdom,https://hotmulligan.band
Hot Mulligan,The Sound a Body Makes When It’s Still Tour 2026,Delta Sleep,3/6/2026,University Refectory,Leeds,,United Kingdom,https://hotmulligan.band
Hot Mulligan,The Sound a Body Makes When It’s Still Tour 2026,Delta Sleep,3/12/2026,Roundhouse,London,,United Kingdom,https://hotmulligan.band
Hot Mulligan,The Sound a Body Makes When It’s Still Tour 2026,Delta Sleep,3/7/2026,Manchester Academy,Manchester,,United Kingdom,https://hotmulligan.band
My Chemical Romance,The Black Parade 2026 Stadium Tour,,7/4/2026,Bellahouston Park,Glasgow,,United Kingdom,https://www.mychemicalromance.com
My Chemical Romance,The Black Parade 2026 Stadium Tour,,6/30/2026,Anfield Stadium,Liverpool,,United Kingdom,https://www.mychemicalromance.com
My Chemical Romance,The Black Parade 2026 Stadium Tour,,7/8/2026,Wembley Stadium,London,,United Kingdom,https://www.mychemicalromance.com
My Chemical Romance,The Black Parade 2026 Stadium Tour,,7/10/2026,Wembley Stadium,London,,United Kingdom,https://www.mychemicalromance.com
My Chemical Romance,The Black Parade 2026 Stadium Tour,,7/11/2026,Wembley Stadium,London,,United Kingdom,https://www.mychemicalromance.com
Simple Plan,Bigger than you think! Europe/UK Tour,None (without Neck Deep),10/3/2026,TBA,London,,United Kingdom,https://www.officialsimpleplan.com
Simple Plan,Bigger than you think! Europe/UK Tour,None (without Neck Deep),10/2/2026,TBA,Manchester,,United Kingdom,https://www.officialsimpleplan.com
State Champs,Slam Dunk Festival South,Festival (various artists),5/23/2026,Slam Dunk Festival South,Hatfield,,United Kingdom,https://statechamps.band/pages/tour
State Champs,Slam Dunk Festival North,Festival (various artists),5/24/2026,Slam Dunk Festival North,Leeds,,United Kingdom,https://statechamps.band/pages/tour
Bad Omens,Do You Feel Love Tour,,10/14/2026,Download Festival 2026,Castle Donington,,United Kingdom,https://www.badomensofficial.com
Boys Like Girls,,,7/13/2026,O2 Academy Bristol,Bristol,,United Kingdom,https://www.boyslikegirls.com
Boys Like Girls,,,7/18/2026,O2 Academy Brixton,London,,United Kingdom,https://www.boyslikegirls.com
Boys Like Girls,,,7/17/2026,Manchester Academy,Manchester,,United Kingdom,https://www.boyslikegirls.com
The Wonder Years,,,1/16/2026,Albert Hall,Manchester,,United Kingdom,https://thewonderyearsband.com
Evanescence,2026 World Tour,Poppy; K.Flay,7/11/2026,First Security Amphitheater,North Little Rock,Arkansas,United States,https://www.evanescence.com
Avenged Sevenfold,Co‑Headlining Summer 2026 Tour,Good Charlotte,8/27/2026,Talking Stick Resort Amphitheatre,Phoenix,Arizona,United States,https://www.avengedsevenfold.com/tour
Bad Omens,Do You Feel Love North America Tour,Beartooth; President,3/24/2026,Desert Diamond Arena,Glendale,Arizona,United States,https://www.badomensofficial.com
Boys Like Girls,The Soundtrack Of Your Life Tour 2026,I Dont Know How But They Found Me; Arrows In Action,4/29/2026,Marquee Theatre,Tempe,Arizona,United States,https://www.boyslikegirls.com
Evanescence,2026 World Tour,Poppy; K.Flay,7/15/2026,Footprint Center,Phoenix,Arizona,United States,https://www.evanescence.com
Hayley Williams,Good Dye Young Presents: Hayley Williams At A Bachelorette Party 2026,Water From Your Eyes,5/5/2026,The Van Buren,Phoenix,Arizona,United States,https://www.ticketmaster.com/hayley-williams-tickets/artist/2733627
My Chemical Romance,The Black Parade 2026 Stadium Tour,Jimmy Eat World,9/6/2026,Chase Field,Phoenix,Arizona,United States,https://www.mychemicalromance.com
The Maine,I Love You But I Chose The Maine 2026 Tour,,3/25/2026,The Van Buren,Phoenix,Arizona,United States,https://www.themaineband.com/
The Wonder Years,No Closer to Heaven Tour,Knuckle Puck; Initiate,3/18/2026,Nile Theater,Mesa,Arizona,United States,https://thewonderyearsband.com
Bad Omens,Do You Feel Love North America Tour,Beartooth; President,3/26/2026,Kia Forum,Inglewood,California,United States,https://www.badomensofficial.com
Bad Omens,Do You Feel Love North America Tour,Beartooth; President,3/27/2026,Oakland Arena,Oakland,California,United States,https://www.badomensofficial.com
Bilmuri,Kinda Hard Tour 2026,The Home Team; GANG!,4/20/2026,Hollywood Palladium,Los Angeles,California,United States,https://www.bilmuri.com/tour
Bilmuri,Kinda Hard Tour 2026,The Home Team; GANG!,4/21/2026,SOMA,San Diego,California,United States,https://www.bilmuri.com/tour
Boys Like Girls,The Soundtrack Of Your Life Tour 2026,I Dont Know How But They Found Me; Arrows In Action,5/1/2026,House of Blues Anaheim,Anaheim,California,United States,https://www.boyslikegirls.com
Boys Like Girls,The Soundtrack Of Your Life Tour 2026,I Dont Know How But They Found Me; Arrows In Action,5/3/2026,House of Blues Anaheim,Anaheim,California,United States,https://www.boyslikegirls.com
Boys Like Girls,The Soundtrack Of Your Life Tour 2026,I Dont Know How But They Found Me; Arrows In Action,5/5/2026,Hard Rock Live Sacramento,Wheatland,California,United States,https://www.boyslikegirls.com
Evanescence,2026 World Tour,Poppy; K.Flay,7/17/2026,North Island Credit Union Amphitheatre,Chula Vista,California,United States,https://www.evanescence.com
Evanescence,2026 World Tour,Poppy; K.Flay,7/18/2026,Shoreline Amphitheatre,Mountain View,California,United States,https://www.evanescence.com
Hayley Williams,Good Dye Young Presents: Hayley Williams At A Bachelorette Party 2026,Water From Your Eyes,5/12/2026,The Wiltern,Los Angeles,California,United States,https://www.ticketmaster.com/hayley-williams-tickets/artist/2733627
Hayley Williams,Good Dye Young Presents: Hayley Williams At A Bachelorette Party 2026,Water From Your Eyes,5/13/2026,The Wiltern,Los Angeles,California,United States,https://www.ticketmaster.com/hayley-williams-tickets/artist/2733627
Hayley Williams,Good Dye Young Presents: Hayley Williams At A Bachelorette Party 2026,Water From Your Eyes,5/15/2026,The Wiltern,Los Angeles,California,United States,https://www.ticketmaster.com/hayley-williams-tickets/artist/2733627
Hayley Williams,Good Dye Young Presents: Hayley Williams At A Bachelorette Party 2026,Water From Your Eyes,5/7/2026,Fox Theater,Oakland,California,United States,https://www.ticketmaster.com/hayley-williams-tickets/artist/2733627
Hayley Williams,Good Dye Young Presents: Hayley Williams At A Bachelorette Party 2026,Water From Your Eyes,5/9/2026,Fox Theater,Oakland,California,United States,https://www.ticketmaster.com/hayley-williams-tickets/artist/2733627
Hayley Williams,Good Dye Young Presents: Hayley Williams At A Bachelorette Party 2026,Water From Your Eyes,5/10/2026,Fox Theater,Oakland,California,United States,https://www.ticketmaster.com/hayley-williams-tickets/artist/2733627
Hot Mulligan,Coachella,Festival (various artists),4/10/2026,Empire Polo Field (Coachella),Indio,California,United States,https://link.seated.com/0e0c8201-38c9-4d6f-bf92-7d9677f008ed
My Chemical Romance,The Black Parade 2026 Stadium Tour,,10/21/2026,Hollywood Bowl,Hollywood,California,United States,https://www.mychemicalromance.com
My Chemical Romance,The Black Parade 2026 Stadium Tour,,10/23/2026,Hollywood Bowl,Hollywood,California,United States,https://www.mychemicalromance.com
My Chemical Romance,The Black Parade 2026 Stadium Tour,,10/24/2026,Hollywood Bowl,Hollywood,California,United States,https://www.mychemicalromance.com
My Chemical Romance,The Black Parade 2026 Stadium Tour,,10/30/2026,Hollywood Bowl,Hollywood,California,United States,https://www.mychemicalromance.com
My Chemical Romance,The Black Parade 2026 Stadium Tour,,10/31/2026,Hollywood Bowl,Hollywood,California,United States,https://www.mychemicalromance.com
My Chemical Romance,The Black Parade 2026 Stadium Tour,Babymetal,8/30/2026,Petco Park,San Diego,California,United States,https://www.mychemicalromance.com
State Champs,,Honey Revenge; Origami Angel; Just Friends,2/6/2026,The Wiltern,Los Angeles,California,United States,https://statechamps.band/pages/tour
The Maine,I Love You But I Chose The Maine 2026 Tour,,3/28/2026,The Novo,Los Angeles,California,United States,https://www.themaineband.com/
The Maine,I Love You But I Chose The Maine 2026 Tour,,3/27/2026,The Observatory North Park,San Diego,California,United States,https://www.themaineband.com/
The Maine,I Love You But I Chose The Maine 2026 Tour,,3/29/2026,The Regency Ballroom,San Francisco,California,United States,https://www.themaineband.com/
The Wonder Years,No Closer to Heaven Tour,Knuckle Puck; Initiate,3/20/2026,House of Blues Anaheim,Anaheim,California,United States,https://thewonderyearsband.com
The Wonder Years,No Closer to Heaven Tour,Knuckle Puck; Initiate,3/22/2026,The UC Theatre,Berkeley,California,United States,https://thewonderyearsband.com
The Wonder Years,No Closer to Heaven Tour,Knuckle Puck; Initiate,3/21/2026,Belasco Theater,Los Angeles,California,United States,https://thewonderyearsband.com
The Wonder Years,No Closer to Heaven Tour,Knuckle Puck; Initiate,3/19/2026,The Observatory North Park,San Diego,California,United States,https://thewonderyearsband.com
Avenged Sevenfold,,Mr. Bungle,1/24/2026,Estadio Bicentenario de La Florida,Santiago,CL,United States,https://www.avengedsevenfold.com/tour
Avenged Sevenfold,Co‑Headlining Summer 2026 Tour,Good Charlotte,8/23/2026,Ball Arena,Denver,Colorado,United States,https://www.avengedsevenfold.com/tour
Avenged Sevenfold,,,1/20/2026,Movistar Arena,Bogotá,Colorado,United States,https://www.avengedsevenfold.com/tour
Bad Omens,Do You Feel Love North America Tour,Beartooth; President,2/24/2026,Ball Arena,Denver,Colorado,United States,https://www.badomensofficial.com
Bilmuri,Kinda Hard Tour 2026,The Home Team; GANG!,4/17/2026,Fillmore Auditorium,Denver,Colorado,United States,https://www.bilmuri.com/tour
Boys Like Girls,The Soundtrack Of Your Life Tour 2026,I Dont Know How But They Found Me; Arrows In Action,3/21/2026,Fillmore Auditorium,Denver,Colorado,United States,https://www.boyslikegirls.com
Evanescence,2026 World Tour,K.Flay,10/26/2026,Red Rocks Amphitheatre,Morrison,Colorado,United States,https://www.evanescence.com
My Chemical Romance,The Black Parade 2026 Stadium Tour,The Breeders,8/27/2026,Coors Field,Denver,Colorado,United States,https://www.mychemicalromance.com
The Maine,I Love You But I Chose The Maine 2026 Tour,,4/3/2026,Ogden Theatre,Denver,Colorado,United States,https://www.themaineband.com/
The Wonder Years,No Closer to Heaven Tour,Knuckle Puck; Initiate,3/29/2026,Ogden Theatre,Denver,Colorado,United States,https://thewonderyearsband.com
The Maine,I Love You But I Chose The Maine 2026 Tour,,4/19/2026,9:30 Club,Washington,D.C.,United States,https://www.themaineband.com/
My Chemical Romance,The Black Parade 2026 Stadium Tour,Modest Most,8/18/2026,Nationals Park,Washington,D.C.,United States,https://www.mychemicalromance.com
Avenged Sevenfold,Co‑Headlining Summer 2026 Tour,Good Charlotte,8/18/2026,MidFlorida Credit Union Amphitheatre,Tampa,Florida,United States,https://www.avengedsevenfold.com/tour
Boys Like Girls,The Soundtrack Of Your Life Tour 2026,I Dont Know How But They Found Me; Arrows In Action,4/23/2026,Hard Rock Live Orlando,Orlando,Florida,United States,https://www.boyslikegirls.com
Boys Like Girls,The Soundtrack Of Your Life Tour 2026,I Dont Know How But They Found Me; Arrows In Action,4/22/2026,Seminole Hard Rock Tampa Event Center,Tampa,Florida,United States,https://www.boyslikegirls.com
Bring Me The Horizon,Welcome To Rockville Festival,Motionless In White; The Plot In You; Amira Elfeky,5/9/2026,Welcome To Rockville Festival,Daytona Beach,Florida,United States,https://www.bmthofficial.com
Evanescence,2026 World Tour,Spiritbox; Nova Twins,6/12/2026,MidFlorida Credit Union Amphitheatre,Tampa,Florida,United States,https://www.evanescence.com
Evanescence,2026 World Tour,Spiritbox; Nova Twins,6/11/2026,iTHINK Financial Amphitheatre,West Palm Beach,Florida,United States,https://www.evanescence.com
Hot Mulligan,Emo’s Not Dead Cruise,Various festival / cruise lineup,1/22/2026,Emo’s Not Dead Cruise,Miami,Florida,United States,https://emosnotdeadcruise.com
My Chemical Romance,The Black Parade 2026 Stadium Tour,,5/10/2026,Daytona International Speedway,Daytona Beach,Florida,United States,https://www.mychemicalromance.com
State Champs,Welcome To Rockville Festival,Festival (various artists),5/7/2026,Daytona International Speedway,Daytona Beach,Florida,United States,https://welcometorockville.com
State Champs,Emo’s Not Dead Cruise,,Jan 22–26 2026,Emo’s Not Dead Cruise,Miami,Florida,United States,https://emosnotdeadcruise.com
The Maine,I Love You But I Chose The Maine 2026 Tour,,Feb 28 2026 - Mar 4 2026,Norwegian Cruise Line - Cruise Terminal B,Miami,Florida,United States,https://www.themaineband.com/
The Maine,I Love You But I Chose The Maine 2026 Tour,,4/26/2026,House of Blues Orlando,Orlando,Florida,United States,https://www.themaineband.com/
The Maine,I Love You But I Chose The Maine 2026 Tour,,4/28/2026,Jannus Live,St. Petersburg,Florida,United States,https://www.themaineband.com/
The Wonder Years,Welcome To Rockville Festival,Festival (various artists),5/7/2026,Daytona International Speedway,Daytona Beach,Florida,United States,https://thewonderyearsband.com
The Wonder Years,No Closer to Heaven Tour,Knuckle Puck; Equipment,3/8/2026,House of Blues Orlando,Lake Buena Vista,Florida,United States,https://thewonderyearsband.com
Bilmuri,Kinda Hard Tour 2026,The Home Team; GANG!,5/5/2026,Coca-Cola Roxy,Atlanta,Georgia,United States,https://www.bilmuri.com/tour
Evanescence,2026 World Tour,Spiritbox; Nova Twins,6/14/2026,Ameris Bank Amphitheatre,Alpharetta,Georgia,United States,https://www.evanescence.com
Hayley Williams,Good Dye Young Presents: Hayley Williams At A Bachelorette Party 2026,Water From Your Eyes,3/28/2026,Tabernacle,Atlanta,Georgia,United States,https://www.ticketmaster.com/hayley-williams-tickets/artist/2733627
Hayley Williams,Good Dye Young Presents: Hayley Williams At A Bachelorette Party 2026,Water From Your Eyes,3/29/2026,Tabernacle,Atlanta,Georgia,United States,https://www.ticketmaster.com/hayley-williams-tickets/artist/2733627
The Maine,I Love You But I Chose The Maine 2026 Tour,,4/25/2026,The Masquerade,Atlanta,Georgia,United States,https://www.themaineband.com/
The Wonder Years,No Closer to Heaven Tour,Knuckle Puck; Equipment,3/10/2026,The Masquerade (Heaven),Atlanta,Georgia,United States,https://thewonderyearsband.com
Pierce the Veil,I Can’t Hear You World Tour 2026,,4/21/2026,Neal S. Blaisdell Center,Honolulu,Hawaii,United States,https://piercetheveil.net
Pierce the Veil,I Can’t Hear You World Tour 2026,,4/22/2026,Neal S. Blaisdell Center,Honolulu,Hawaii,United States,https://piercetheveil.net
Boys Like Girls,The Soundtrack Of Your Life Tour 2026,I Dont Know How But They Found Me; Arrows In Action,5/9/2026,Revolution Concert House & Event Center,Garden City,Idaho,United States,https://www.boyslikegirls.com
The Wonder Years,Treefort Music Fest,Festival (various artists),25–29-Mar-26,Treefort Music Fest,Boise,Idaho,United States,https://thewonderyearsband.com
Hayley Williams,Good Dye Young Presents: Hayley Williams At A Bachelorette Party 2026,Water From Your Eyes,6/29/2026,National Stadium,Dublin,IE,United States,https://www.ticketmaster.com/hayley-williams-tickets/artist/2733627
Hayley Williams,Good Dye Young Presents: Hayley Williams At A Bachelorette Party 2026,Water From Your Eyes,6/30/2026,National Stadium,Dublin,IE,United States,https://www.ticketmaster.com/hayley-williams-tickets/artist/2733627
Hot Mulligan,The Sound a Body Makes When It’s Still Tour 2026,Delta Sleep,3/15/2026,The Academy,Dublin,IE,United States,https://hotmulligan.band
Avenged Sevenfold,Co‑Headlining Summer 2026 Tour,Good Charlotte,7/30/2026,Credit Union 1 Amphitheatre,Tinley Park,Illinois,United States,https://www.avengedsevenfold.com/tour
Bad Omens,Do You Feel Love North America Tour,Beartooth; President,3/4/2026,Allstate Arena,Rosemont,Illinois,United States,https://www.badomensofficial.com
Bilmuri,Kinda Hard Tour 2026,The Home Team; GANG!,5/1/2026,Byline Bank Aragon Ballroom,Chicago,Illinois,United States,https://www.bilmuri.com/tour
Boys Like Girls,The Soundtrack Of Your Life Tour 2026,I Dont Know How But They Found Me; Arrows In Action,3/27/2026,Byline Bank Aragon Ballroom,Chicago,Illinois,United States,https://www.boyslikegirls.com
Bring Me The Horizon,North American Ascension Program 2 Tour,Motionless In White; The Plot In You; Amira Elfeky,5/15/2026,Allstate Arena,Rosemont,Illinois,United States,https://www.bmthofficial.com
Evanescence,2026 World Tour,Spiritbox; Nova Twins,7/8/2026,Credit Union 1 Amphitheatre,Tinley Park,Illinois,United States,https://www.evanescence.com
Hayley Williams,Good Dye Young Presents: Hayley Williams At A Bachelorette Party 2026,Water From Your Eyes,4/21/2026,Byline Bank Aragon Ballroom,Chicago,Illinois,United States,https://www.ticketmaster.com/hayley-williams-tickets/artist/2733627
Hayley Williams,Good Dye Young Presents: Hayley Williams At A Bachelorette Party 2026,Water From Your Eyes,4/22/2026,Byline Bank Aragon Ballroom,Chicago,Illinois,United States,https://www.ticketmaster.com/hayley-williams-tickets/artist/2733627
State Champs,Around the World and Back — 10 Yr Anniversary,Real Friends; Harrison Gordon; Driveways,1/9/2026,The Salt Shed,Chicago,Illinois,United States,https://statechamps.band/pages/tour
The Maine,I Love You But I Chose The Maine 2026 Tour,,4/10/2026,The Salt Shed,Chicago,Illinois,United States,https://www.themaineband.com/
The Wonder Years,No Closer to Heaven Tour,Knuckle Puck; Weakened Friends,4/2/2026,Riviera Theatre,Chicago,Illinois,United States,https://thewonderyearsband.com
Evanescence,2026 World Tour,Spiritbox; Nova Twins,7/9/2026,Ruoff Music Center,Noblesville,Indiana,United States,https://www.evanescence.com
My Chemical Romance,The Black Parade 2026 Stadium Tour,,9/18/2026,Highland Festival Grounds at Kentucky Exposition Center,Louisville,Kentucky,United States,https://www.mychemicalromance.com
Avenged Sevenfold,Co‑Headlining Summer 2026 Tour,Good Charlotte,8/12/2026,Xfinity Center,Mansfield,Massachusetts,United States,https://www.avengedsevenfold.com/tour
Bad Omens,Do You Feel Love North America Tour,Beartooth; President,3/11/2026,TD Garden,Boston,Massachusetts,United States,https://www.badomensofficial.com
Bilmuri,Kinda Hard Tour 2026,The Home Team; GANG!,5/17/2026,MGM Music Hall at Fenway,Boston,Massachusetts,United States,https://www.bilmuri.com/tour
Bring Me The Horizon,North American Ascension Program 2 Tour,Motionless In White; The Plot In You; Amira Elfeky,5/1/2026,DCU Center,Worcester,Massachusetts,United States,https://www.bmthofficial.com
Evanescence,2026 World Tour,Spiritbox; Nova Twins,6/21/2026,Xfinity Center,Mansfield,Massachusetts,United States,https://www.evanescence.com
Hayley Williams,Good Dye Young Presents: Hayley Williams At A Bachelorette Party 2026,Water From Your Eyes,4/3/2026,Citizens House of Blues,Boston,Massachusetts,United States,https://www.ticketmaster.com/hayley-williams-tickets/artist/2733627
Hayley Williams,Good Dye Young Presents: Hayley Williams At A Bachelorette Party 2026,Water From Your Eyes,4/4/2026,Citizens House of Blues,Boston,Massachusetts,United States,https://www.ticketmaster.com/hayley-williams-tickets/artist/2733627
State Champs,Around the World and Back — 10 Yr Anniversary,Cartel; Real Friends; Broadside,1/17/2026,House Of Blues,Boston,Massachusetts,United States,https://statechamps.band/pages/tour
The Maine,I Love You But I Chose The Maine 2026 Tour,,4/18/2026,Citizens House of Blues Boston,Boston,Massachusetts,United States,https://www.themaineband.com/
The Wonder Years,No Closer to Heaven Tour,Knuckle Puck; Weakened Friends,4/8/2026,Citizens House of Blues Boston,Boston,Massachusetts,United States,https://thewonderyearsband.com
Bad Omens,Do You Feel Love North America Tour,Beartooth; President,3/14/2026,CFG Bank Arena,Baltimore,Maryland,United States,https://www.badomensofficial.com
Boys Like Girls,The Soundtrack Of Your Life Tour 2026,I Dont Know How But They Found Me; Arrows In Action,4/10/2026,The Fillmore Silver Spring,Silver Spring,Maryland,United States,https://www.boyslikegirls.com
Bring Me The Horizon,North American Ascension Program 2 Tour,Motionless In White; The Plot In You; Amira Elfeky,5/4/2026,CFG Bank Arena,Baltimore,Maryland,United States,https://www.bmthofficial.com
Hayley Williams,Good Dye Young Presents: Hayley Williams At A Bachelorette Party 2026,Water From Your Eyes,4/14/2026,The Lyric,Baltimore,Maryland,United States,https://www.ticketmaster.com/hayley-williams-tickets/artist/2733627
Hayley Williams,Good Dye Young Presents: Hayley Williams At A Bachelorette Party 2026,Water From Your Eyes,4/15/2026,The Fillmore,Silver Spring,Maryland,United States,https://www.ticketmaster.com/hayley-williams-tickets/artist/2733627
The Wonder Years,No Closer to Heaven Tour,Knuckle Puck; Equipment,3/5/2026,The Fillmore Silver Spring,Silver Spring,Maryland,United States,https://thewonderyearsband.com
Avenged Sevenfold,Co‑Headlining Summer 2026 Tour,Good Charlotte,8/4/2026,Pine Knob Music Theatre,Clarkston,Michigan,United States,https://www.avengedsevenfold.com/tour
Bad Omens,Do You Feel Love North America Tour,Beartooth; President,2/28/2026,Little Caesars Arena,Detroit,Michigan,United States,https://www.badomensofficial.com
Bilmuri,Kinda Hard Tour 2026,The Home Team; GANG!,5/3/2026,The Fillmore Detroit,Detroit,Michigan,United States,https://www.bilmuri.com/tour
Boys Like Girls,The Soundtrack Of Your Life Tour 2026,I Dont Know How But They Found Me; Arrows In Action,4/6/2026,The Fillmore Detroit,Detroit,Michigan,United States,https://www.boyslikegirls.com
Boys Like Girls,The Soundtrack Of Your Life Tour 2026,I Dont Know How But They Found Me; Arrows In Action,3/28/2026,GLC Live at 20 Monroe,Grand Rapids,Michigan,United States,https://www.boyslikegirls.com
Evanescence,2026 World Tour,Poppy; K.Flay,8/2/2026,Pine Knob Music Theatre,Clarkston,Michigan,United States,https://www.evanescence.com
Hot Mulligan,Excellency Music Festival,Festival (various artists),4/4/2026,Historic Masonic Temple,Bay City,Michigan,United States,https://excellencymusicfestival.com
My Chemical Romance,The Black Parade 2026 Stadium Tour,Iggy Pop,8/21/2026,Comerica Park,Detroit,Michigan,United States,https://www.mychemicalromance.com
State Champs,Around the World and Back — 10 Yr Anniversary,Real Friends; Driveways; Summerbruise,1/10/2026,The Majestic Theatre,Detroit,Michigan,United States,https://statechamps.band/pages/tour
The Maine,I Love You But I Chose The Maine 2026 Tour,,4/11/2026,Masonic Temple,Detroit,Michigan,United States,https://www.themaineband.com/
The Wonder Years,No Closer to Heaven Tour,Knuckle Puck; Weakened Friends,4/3/2026,Saint Andrew’s Hall,Detroit,Michigan,United States,https://thewonderyearsband.com
Avenged Sevenfold,Co‑Headlining Summer 2026 Tour,Good Charlotte,7/27/2026,Mystic Lake Amphitheater,Shakopee,Minnesota,United States,https://www.avengedsevenfold.com/tour
Bad Omens,Do You Feel Love North America Tour,Beartooth; President,3/2/2026,Target Center,Minneapolis,Minnesota,United States,https://www.badomensofficial.com
Bilmuri,Kinda Hard Tour 2026,The Home Team; GANG!,4/30/2026,The Armory,Minneapolis,Minnesota,United States,https://www.bilmuri.com/tour
Boys Like Girls,The Soundtrack Of Your Life Tour 2026,I Dont Know How But They Found Me; Arrows In Action,3/24/2026,The Fillmore Minneapolis,Minneapolis,Minnesota,United States,https://www.boyslikegirls.com
Bring Me The Horizon,North American Ascension Program 2 Tour,Motionless In White; The Plot In You; Amira Elfeky,5/13/2026,Grand Casino Arena,St. Paul,Minnesota,United States,https://www.bmthofficial.com
Hayley Williams,Good Dye Young Presents: Hayley Williams At A Bachelorette Party 2026,Water From Your Eyes,4/17/2026,Fillmore Minneapolis,Minneapolis,Minnesota,United States,https://www.ticketmaster.com/hayley-williams-tickets/artist/2733627
Hayley Williams,Good Dye Young Presents: Hayley Williams At A Bachelorette Party 2026,Water From Your Eyes,4/18/2026,Fillmore Minneapolis,Minneapolis,Minnesota,United States,https://www.ticketmaster.com/hayley-williams-tickets/artist/2733627
My Chemical Romance,The Black Parade 2026 Stadium Tour,Sleater-Kinney,8/24/2026,Target Field,Minneapolis,Minnesota,United States,https://www.mychemicalromance.com
The Maine,I Love You But I Chose The Maine 2026 Tour,,4/9/2026,First Avenue,Minneapolis,Minnesota,United States,https://www.themaineband.com/
The Wonder Years,No Closer to Heaven Tour,Knuckle Puck; Weakened Friends,4/1/2026,Varsity Theater,Minneapolis,Minnesota,United States,https://thewonderyearsband.com
Avenged Sevenfold,Co‑Headlining Summer 2026 Tour,Good Charlotte,8/1/2026,Hollywood Casino Amphitheatre,Maryland Heights,Missouri,United States,https://www.avengedsevenfold.com/tour
Avenged Sevenfold,Co‑Headlining Summer 2026 Tour,Good Charlotte,7/25/2026,Thunder Ridge Nature Arena,Ridgedale,Missouri,United States,https://www.avengedsevenfold.com/tour
Bad Omens,Do You Feel Love North America Tour,Beartooth; President,2/26/2026,T-Mobile Center,Kansas City,Missouri,United States,https://www.badomensofficial.com
Bring Me The Horizon,North American Ascension Program 2 Tour,Motionless In White; The Plot In You; Amira Elfeky,5/12/2026,T-Mobile Center,Kansas City,Missouri,United States,https://www.bmthofficial.com
Bring Me The Horizon,North American Ascension Program 2 Tour,Motionless In White; The Plot In You; Amira Elfeky,5/11/2026,Enterprise Center,St. Louis,Missouri,United States,https://www.bmthofficial.com
Evanescence,2026 World Tour,Poppy; K.Flay,7/12/2026,T-Mobile Center,Kansas City,Missouri,United States,https://www.evanescence.com
Evanescence,2026 World Tour,Poppy; K.Flay,7/28/2026,Hollywood Casino Amphitheatre,St. Louis,Missouri,United States,https://www.evanescence.com
The Wonder Years,No Closer to Heaven Tour,Knuckle Puck; Weakened Friends,3/31/2026,The Truman,Kansas City,Missouri,United States,https://thewonderyearsband.com
Avenged Sevenfold,Co‑Headlining Summer 2026 Tour,Good Charlotte,8/16/2026,PNC Music Pavilion,Charlotte,North Carolina,United States,https://www.avengedsevenfold.com/tour
Bad Omens,Do You Feel Love North America Tour,Beartooth; President,3/16/2026,Lenovo Center,Raleigh,North Carolina,United States,https://www.badomensofficial.com
Bilmuri,Kinda Hard Tour 2026,The Home Team; GANG!,5/7/2026,Skyla Credit Union Amphitheatre,Charlotte,North Carolina,United States,https://www.bilmuri.com/tour
Bilmuri,Kinda Hard Tour 2026,The Home Team; GANG!,5/8/2026,Red Hat Amphitheater,Raleigh,North Carolina,United States,https://www.bilmuri.com/tour
Evanescence,2026 World Tour,Spiritbox; Nova Twins,6/18/2026,PNC Music Pavilion,Charlotte,North Carolina,United States,https://www.evanescence.com
Evanescence,2026 World Tour,Spiritbox; Nova Twins,6/17/2026,Red Hat Amphitheater,Raleigh,North Carolina,United States,https://www.evanescence.com
The Maine,I Love You But I Chose The Maine 2026 Tour,,4/23/2026,The Fillmore Charlotte,Charlotte,North Carolina,United States,https://www.themaineband.com/
The Wonder Years,No Closer to Heaven Tour,Knuckle Puck; Equipment,3/7/2026,The Fillmore Charlotte,Charlotte,North Carolina,United States,https://thewonderyearsband.com
The Wonder Years,No Closer to Heaven Tour,Knuckle Puck; Equipment,3/6/2026,The Ritz,Raleigh,North Carolina,United States,https://thewonderyearsband.com
Boys Like Girls,The Soundtrack Of Your Life Tour 2026,I Dont Know How But They Found Me; Arrows In Action,3/22/2026,Steelhouse Omaha,Omaha,Nebraska,United States,https://www.boyslikegirls.com
Avenged Sevenfold,Co‑Headlining Summer 2026 Tour,Good Charlotte,8/14/2026,Freedom Mortgage Pavilion,Camden,New Jersey,United States,https://www.avengedsevenfold.com/tour
Bad Omens,Do You Feel Love North America Tour,Beartooth; President,3/10/2026,Prudential Center,Newark,New Jersey,United States,https://www.badomensofficial.com
Boys Like Girls,The Soundtrack Of Your Life Tour 2026,I Dont Know How But They Found Me; Arrows In Action,4/11/2026,The Wellmont Theater,Montclair,New Jersey,United States,https://www.boyslikegirls.com
Evanescence,2026 World Tour,Spiritbox; Nova Twins,6/20/2026,Freedom Mortgage Pavilion,Camden,New Jersey,United States,https://www.evanescence.com
Evanescence,2026 World Tour,Spiritbox; Nova Twins,6/26/2026,PNC Bank Arts Center,Holmdel,New Jersey,United States,https://www.evanescence.com
Evanescence,2026 World Tour,Poppy; K.Flay,7/14/2026,Isleta Amphitheater,Albuquerque,New Mexico,United States,https://www.evanescence.com
The Maine,I Love You But I Chose The Maine 2026 Tour,,3/24/2026,Brooklyn Bowl Las Vegas,Las Vegas,Nevada,United States,https://www.themaineband.com/
Avenged Sevenfold,Co‑Headlining Summer 2026 Tour,Good Charlotte,8/10/2026,UBS Arena,Belmont Park,New York,United States,https://www.avengedsevenfold.com/tour
Bilmuri,Kinda Hard Tour 2026,The Home Team; GANG!,5/15/2026,The Rooftop at Pier 17,New York,New York,United States,https://www.bilmuri.com/tour
Boys Like Girls,The Soundtrack Of Your Life Tour 2026,I Dont Know How But They Found Me; Arrows In Action,4/3/2026,Brooklyn Paramount,Brooklyn,New York,United States,https://www.boyslikegirls.com
Boys Like Girls,The Soundtrack Of Your Life Tour 2026,I Dont Know How But They Found Me; Arrows In Action,4/7/2026,Buffalo RiverWorks,Buffalo,New York,United States,https://www.boyslikegirls.com
Bring Me The Horizon,North American Ascension Program 2 Tour,Motionless In White; The Plot In You; Amira Elfeky,5/2/2026,Madison Square Garden,New York,New York,United States,https://www.bmthofficial.com
Evanescence,2026 World Tour,Spiritbox; Nova Twins,6/23/2026,Saratoga Performing Arts Center,Saratoga Springs,New York,United States,https://www.evanescence.com
Evanescence,2026 World Tour,Spiritbox; Nova Twins,6/24/2026,Jones Beach Theater,Wantagh,New York,United States,https://www.evanescence.com
Hayley Williams,Good Dye Young Presents: Hayley Williams At A Bachelorette Party 2026,Water From Your Eyes,4/9/2026,Hammerstein Ballroom,New York,New York,United States,https://www.ticketmaster.com/hayley-williams-tickets/artist/2733627
Hayley Williams,Good Dye Young Presents: Hayley Williams At A Bachelorette Party 2026,Water From Your Eyes,4/10/2026,Hammerstein Ballroom,New York,New York,United States,https://www.ticketmaster.com/hayley-williams-tickets/artist/2733627
Hayley Williams,Good Dye Young Presents: Hayley Williams At A Bachelorette Party 2026,Water From Your Eyes,4/12/2026,Hammerstein Ballroom,New York,New York,United States,https://www.ticketmaster.com/hayley-williams-tickets/artist/2733627
My Chemical Romance,The Black Parade 2026 Stadium Tour,Franz Ferdinand,8/9/2026,Citi Field,Flushing,New York,United States,https://www.mychemicalromance.com
State Champs,Around the World and Back — 10 Yr Anniversary,Broadside,1/13/2026,Empire Live,Albany,New York,United States,https://statechamps.band/pages/tour
State Champs,Around the World and Back — 10 Yr Anniversary,Cartel; Real Friends; Broadside,1/16/2026,Brooklyn Paramount,New York,New York,United States,https://statechamps.band/pages/tour
The Maine,I Love You But I Chose The Maine 2026 Tour,,4/21/2026,Brooklyn Paramount,New York,New York,United States,https://www.themaineband.com/
The Wonder Years,No Closer to Heaven Tour,Knuckle Puck; Weakened Friends,4/7/2026,Empire Live,Albany,New York,United States,https://thewonderyearsband.com
The Wonder Years,No Closer to Heaven Tour,Knuckle Puck; Equipment,3/4/2026,Brooklyn Paramount,New York,New York,United States,https://thewonderyearsband.com
Bilmuri,Kinda Hard Tour 2026,The Home Team; GANG!,5/12/2026,Andrew J Brady Music Center,Cincinnati,Ohio,United States,https://www.bilmuri.com/tour
Boys Like Girls,The Soundtrack Of Your Life Tour 2026,I Dont Know How But They Found Me; Arrows In Action,3/30/2026,Andrew J Brady Music Center,Cincinnati,Ohio,United States,https://www.boyslikegirls.com
Boys Like Girls,The Soundtrack Of Your Life Tour 2026,I Dont Know How But They Found Me; Arrows In Action,4/1/2026,MGM Northfield Park – Center Stage,Northfield,Ohio,United States,https://www.boyslikegirls.com
Bring Me The Horizon,North American Ascension Program 2 Tour,Motionless In White; The Plot In You; Amira Elfeky,5/16/2026,Sonic Temple Festival,Columbus,Ohio,United States,https://www.bmthofficial.com
Evanescence,2026 World Tour,Poppy; K.Flay,8/1/2026,Riverbend Music Center,Cincinnati,Ohio,United States,https://www.evanescence.com
Evanescence,2026 World Tour,Poppy; K.Flay,7/30/2026,Blossom Music Center,Cuyahoga Falls,Ohio,United States,https://www.evanescence.com
My Chemical Romance,The Black Parade 2026 Stadium Tour,,5/14/2026,Historic Crew Stadium,Columbus,Ohio,United States,https://www.mychemicalromance.com
Pierce the Veil,Sonic Temple Festival,Festival (various artists),5/14/2026,Sonic Temple Festival,Columbus,Ohio,United States,https://piercetheveil.net
State Champs,Around the World and Back — 10 Yr Anniversary,Real Friends; Driveways; Mallory Run,1/11/2026,Agora Theatre and Ballroom,Cleveland,Ohio,United States,https://statechamps.band/pages/tour
State Champs,Sonic Temple Festival,Festival (various artists),5/16/2026,Sonic Temple Festival,Columbus,Ohio,United States,https://statechamps.band/pages/tour
The Maine,I Love You But I Chose The Maine 2026 Tour,,4/12/2026,KEMBA Live!,Columbus,Ohio,United States,https://www.themaineband.com/
The Wonder Years,No Closer to Heaven Tour,Knuckle Puck; Weakened Friends,4/4/2026,House of Blues Cleveland,Cleveland,Ohio,United States,https://thewonderyearsband.com
The Wonder Years,Sonic Temple Festival,Festival (various artists),5/14/2026,Sonic Temple Festival,Columbus,Ohio,United States,https://thewonderyearsband.com
Bad Omens,Do You Feel Love North America Tour,Beartooth; President,3/22/2026,Paycom Center,Oklahoma City,Oklahoma,United States,https://www.badomensofficial.com
Bilmuri,Kinda Hard Tour 2026,The Home Team; GANG!,4/28/2026,The Criterion,Oklahoma City,Oklahoma,United States,https://www.bilmuri.com/tour
The Wonder Years,No Closer to Heaven Tour,Knuckle Puck; Equipment,3/12/2026,Tower Theatre,Oklahoma City,Oklahoma,United States,https://thewonderyearsband.com
Boys Like Girls,The Soundtrack Of Your Life Tour 2026,I Dont Know How But They Found Me; Arrows In Action,5/7/2026,Roseland Theater,Portland,Oregon,United States,https://www.boyslikegirls.com
The Maine,I Love You But I Chose The Maine 2026 Tour,,4/1/2026,Roseland Theater,Portland,Oregon,United States,https://www.themaineband.com/
The Wonder Years,No Closer to Heaven Tour,Knuckle Puck; Initiate,3/24/2026,Revolution Hall,Portland,Oregon,United States,https://thewonderyearsband.com
Bad Omens,Do You Feel Love North America Tour,Beartooth; President,3/13/2026,Xfinity Mobile Arena,Philadelphia,Pennsylvania,United States,https://www.badomensofficial.com
Bilmuri,Kinda Hard Tour 2026,The Home Team; GANG!,5/11/2026,UPMC Events Center,Moon Township,Pennsylvania,United States,https://www.bilmuri.com/tour
Boys Like Girls,The Soundtrack Of Your Life Tour 2026,I Dont Know How But They Found Me; Arrows In Action,4/2/2026,Roxian Theatre Presented by Citizens,McKees Rocks,Pennsylvania,United States,https://www.boyslikegirls.com
Boys Like Girls,The Soundtrack Of Your Life Tour 2026,I Dont Know How But They Found Me; Arrows In Action,4/9/2026,The Met Presented by Highmark,Philadelphia,Pennsylvania,United States,https://www.boyslikegirls.com
Bring Me The Horizon,North American Ascension Program 2 Tour,Motionless In White; The Plot In You; Amira Elfeky,5/5/2026,PPG Paints Arena,Pittsburgh,Pennsylvania,United States,https://www.bmthofficial.com
Hayley Williams,Good Dye Young Presents: Hayley Williams At A Bachelorette Party 2026,Water From Your Eyes,4/6/2026,Franklin Music Hall,Philadelphia,Pennsylvania,United States,https://www.ticketmaster.com/hayley-williams-tickets/artist/2733627
Hayley Williams,Good Dye Young Presents: Hayley Williams At A Bachelorette Party 2026,Water From Your Eyes,4/7/2026,Franklin Music Hall,Philadelphia,Pennsylvania,United States,https://www.ticketmaster.com/hayley-williams-tickets/artist/2733627
State Champs,Around the World and Back — 10 Yr Anniversary,Cartel; Real Friends; Broadside,1/18/2026,The Fillmore Philadelphia,Philadelphia,Pennsylvania,United States,https://statechamps.band/pages/tour
The Maine,I Love You But I Chose The Maine 2026 Tour,,4/17/2026,Franklin Music Hall,Philadelphia,Pennsylvania,United States,https://www.themaineband.com/
The Maine,I Love You But I Chose The Maine 2026 Tour,,4/14/2026,Stage AE,Pittsburgh,Pennsylvania,United States,https://www.themaineband.com/
The Wonder Years,No Closer to Heaven Tour,Knuckle Puck; Weakened Friends,4/9/2026,Theatre of Living Arts,Philadelphia,Pennsylvania,United States,https://thewonderyearsband.com
The Wonder Years,No Closer to Heaven Tour,Pool Kids; Head North,4/10/2026,Theatre of Living Arts,Philadelphia,Pennsylvania,United States,https://thewonderyearsband.com
The Wonder Years,No Closer to Heaven Tour,Oso Oso; Future Teens,4/11/2026,Theatre of Living Arts,Philadelphia,Pennsylvania,United States,https://thewonderyearsband.com
The Wonder Years,No Closer to Heaven Tour,Spanish Love Songs; Bike Routes,4/12/2026,Theatre of Living Arts,Philadelphia,Pennsylvania,United States,https://thewonderyearsband.com
The Wonder Years,No Closer to Heaven Tour,Defeater; Bad Bloom,4/14/2026,Theatre of Living Arts,Philadelphia,Pennsylvania,United States,https://thewonderyearsband.com
The Wonder Years,No Closer to Heaven Tour,Origami Angel; Queen of Jeans,4/15/2026,Theatre of Living Arts,Philadelphia,Pennsylvania,United States,https://thewonderyearsband.com
Bad Omens,Do You Feel Love North America Tour,Beartooth; President,3/17/2026,Bridgestone Arena,Nashville,Tennessee,United States,https://www.badomensofficial.com
Bilmuri,Kinda Hard Tour 2026,The Home Team; GANG!,5/13/2026,The Pinnacle,Nashville,Tennessee,United States,https://www.bilmuri.com/tour
Boys Like Girls,The Soundtrack Of Your Life Tour 2026,I Dont Know How But They Found Me; Arrows In Action,3/29/2026,Ryman Auditorium,Nashville,Tennessee,United States,https://www.boyslikegirls.com
Bring Me The Horizon,North American Ascension Program 2 Tour,Motionless In White; The Plot In You; Amira Elfeky,5/7/2026,Bridgestone Arena,Nashville,Tennessee,United States,https://www.bmthofficial.com
Evanescence,2026 World Tour,Spiritbox; Nova Twins,6/15/2026,Ascend Amphitheater,Nashville,Tennessee,United States,https://www.evanescence.com
Hayley Williams,Good Dye Young Presents: Hayley Williams At A Bachelorette Party 2026,Water From Your Eyes,4/25/2026,Ryman Auditorium,Nashville,Tennessee,United States,https://www.ticketmaster.com/hayley-williams-tickets/artist/2733627
Hayley Williams,Good Dye Young Presents: Hayley Williams At A Bachelorette Party 2026,Water From Your Eyes,4/27/2026,Ryman Auditorium,Nashville,Tennessee,United States,https://www.ticketmaster.com/hayley-williams-tickets/artist/2733627
Hayley Williams,Good Dye Young Presents: Hayley Williams At A Bachelorette Party 2026,Water From Your Eyes,4/28/2026,Ryman Auditorium,Nashville,Tennessee,United States,https://www.ticketmaster.com/hayley-williams-tickets/artist/2733627
Hot Mulligan,Bonnaroo Music and Arts Festival,Festival (various artists),6/11/2026,Great Stage Park (Bonnaroo),Manchester,Tennessee,United States,https://www.bonnaroo.com/tickets
My Chemical Romance,The Black Parade 2026 Stadium Tour,Pierce the Veil,8/13/2026,Nissan Stadium,Nashville,Tennessee,United States,https://www.mychemicalromance.com
Pierce the Veil,,,8/13/2026,Nissan Stadium,Nashville,Tennessee,United States,https://piercetheveil.net
The Maine,I Love You But I Chose The Maine 2026 Tour,,4/24/2026,Marathon Music Works,Nashville,Tennessee,United States,https://www.themaineband.com/
The Wonder Years,No Closer to Heaven Tour,Knuckle Puck; Equipment,3/11/2026,Brooklyn Bowl Nashville,Nashville,Tennessee,United States,https://thewonderyearsband.com
Avenged Sevenfold,Co‑Headlining Summer 2026 Tour,Good Charlotte,8/21/2026,Dos Equis Pavilion,Dallas,Texas,United States,https://www.avengedsevenfold.com/tour
Bad Omens,Do You Feel Love North America Tour,Beartooth; President,3/19/2026,American Airlines Center,Dallas,Texas,United States,https://www.badomensofficial.com
Bad Omens,Do You Feel Love North America Tour,Beartooth; President,3/20/2026,Frost Bank Center,San Antonio,Texas,United States,https://www.badomensofficial.com
Bilmuri,Kinda Hard Tour 2026,The Home Team; GANG!,4/24/2026,South Side Ballroom,Dallas,Texas,United States,https://www.bilmuri.com/tour
Bilmuri,Kinda Hard Tour 2026,The Home Team; GANG!,4/26/2026,Bayou Music Center,Houston,Texas,United States,https://www.bilmuri.com/tour
Bilmuri,Kinda Hard Tour 2026,The Home Team; GANG!,4/25/2026,Boeing Center at Tech Port,San Antonio,Texas,United States,https://www.bilmuri.com/tour
Boys Like Girls,The Soundtrack Of Your Life Tour 2026,I Dont Know How But They Found Me; Arrows In Action,4/25/2026,House of Blues Houston,Houston,Texas,United States,https://www.boyslikegirls.com
Boys Like Girls,The Soundtrack Of Your Life Tour 2026,I Dont Know How But They Found Me; Arrows In Action,4/26/2026,Boeing Center at Tech Port,San Antonio,Texas,United States,https://www.boyslikegirls.com
Hayley Williams,Good Dye Young Presents: Hayley Williams At A Bachelorette Party 2026,Water From Your Eyes,5/2/2026,Austin City Limits Live,Austin,Texas,United States,https://www.ticketmaster.com/hayley-williams-tickets/artist/2733627
Hayley Williams,Good Dye Young Presents: Hayley Williams At A Bachelorette Party 2026,Water From Your Eyes,5/3/2026,Austin City Limits Live,Austin,Texas,United States,https://www.ticketmaster.com/hayley-williams-tickets/artist/2733627
My Chemical Romance,The Black Parade 2026 Stadium Tour,The Mars Volta,9/12/2026,Alamodome,San Antonio,Texas,United States,https://www.mychemicalromance.com
Pierce the Veil,,Guns N’ Roses (supporting),9/9/2026,Globe Life Field,Arlington,Texas,United States,https://piercetheveil.net
Pierce the Veil,,Guns N’ Roses (supporting),9/16/2026,Alamodome,San Antonio,Texas,United States,https://piercetheveil.net
The Maine,I Love You But I Chose The Maine 2026 Tour,,5/1/2026,Stubb's Waller Creek Amphitheater,Austin,Texas,United States,https://www.themaineband.com/
The Maine,I Love You But I Chose The Maine 2026 Tour,,5/2/2026,The Bomb Factory,Dallas,Texas,United States,https://www.themaineband.com/
The Maine,I Love You But I Chose The Maine 2026 Tour,,4/30/2026,House of Blues Houston,Houston,Texas,United States,https://www.themaineband.com/
The Wonder Years,No Closer to Heaven Tour,Knuckle Puck; Equipment,3/14/2026,Emo’s Austin,Austin,Texas,United States,https://thewonderyearsband.com
The Wonder Years,No Closer to Heaven Tour,Knuckle Puck; Equipment,3/13/2026,Granada Theater,Dallas,Texas,United States,https://thewonderyearsband.com
The Wonder Years,No Closer to Heaven Tour,Knuckle Puck; Initiate,3/17/2026,The Lowbrow Palace,El Paso,Texas,United States,https://thewonderyearsband.com
Avenged Sevenfold,Co‑Headlining Summer 2026 Tour,Good Charlotte,8/25/2026,Utah First Credit Union Amphitheatre,West Valley City,Utah,United States,https://www.avengedsevenfold.com/tour
Bad Omens,Do You Feel Love North America Tour,Beartooth; President,2/22/2026,Delta Center,Salt Lake City,Utah,United States,https://www.badomensofficial.com
Bilmuri,Kinda Hard Tour 2026,The Home Team; GANG!,4/18/2026,Union Event Center,Salt Lake City,Utah,United States,https://www.bilmuri.com/tour
Boys Like Girls,The Soundtrack Of Your Life Tour 2026,I Dont Know How But They Found Me; Arrows In Action,3/20/2026,Union Event Center,Salt Lake City,Utah,United States,https://www.boyslikegirls.com
Evanescence,2026 World Tour,Poppy; K.Flay,7/25/2026,Utah First Credit Union Amphitheatre,Salt Lake City,Utah,United States,https://www.evanescence.com
The Wonder Years,No Closer to Heaven Tour,Knuckle Puck; Initiate,3/28/2026,The Grand at The Complex,Salt Lake City,Utah,United States,https://thewonderyearsband.com
Evanescence,2026 World Tour,Spiritbox; Nova Twins,6/27/2026,Jiffy Lube Live,Bristow,Virginia,United States,https://www.evanescence.com
Boys Like Girls,The Soundtrack Of Your Life Tour 2026,I Dont Know How But They Found Me; Arrows In Action,5/10/2026,Moore Theatre,Seattle,Washington,United States,https://www.boyslikegirls.com
Boys Like Girls,The Soundtrack Of Your Life Tour 2026,I Dont Know How But They Found My; Arrows In Action,5/8/2026,Knitting Factory – Spokane,Spokane,Washington,United States,https://www.boyslikegirls.com
Evanescence,2026 World Tour,Poppy; K.Flay,7/22/2026,White River Amphitheatre,Auburn,Washington,United States,https://www.evanescence.com
Evanescence,2026 World Tour,Poppy; K.Flay,7/20/2026,White River Amphitheatre,Ridgefield,Washington,United States,https://www.evanescence.com
The Maine,I Love You But I Chose The Maine 2026 Tour,,3/31/2026,Showbox SoDo,Seattle,Washington,United States,https://www.themaineband.com/
The Wonder Years,No Closer to Heaven Tour,Knuckle Puck; Initiate,3/25/2026,Showbox SoDo,Seattle,Washington,United States,https://thewonderyearsband.com
Bilmuri,Kinda Hard Tour 2026,The Home Team; GANG!,5/2/2026,The Sylvee,Madison,Wisconsin,United States,https://www.bilmuri.com/tour
Boys Like Girls,The Soundtrack Of Your Life Tour 2026,I Dont Know How But They Found Me; Arrows In Action,3/25/2026,Landmark Credit Union Live,Milwaukee,Wisconsin,United States,https://www.boyslikegirls.com
